Metric,Contrast,Mean,SD,SE
Coverage90_pct,Q_given_DF,6.45682367149758,2.11630059771171,0.473219199730682
Coverage90_pct,D_given_QF,-0.0769927536231897,0.337993235924483,0.0755775851462269
Coverage90_pct,F_given_QD,-0.471014492753625,0.781802637099146,0.174816384154229
Coverage90_pct,DF_interaction_given_Q,-0.0815217391304373,0.615051791310689,0.137529761505371
Edge90_pct,Q_given_DF,14.0867875647668,4.51657825239426,1.00993759980508
Edge90_pct,D_given_QF,-0.142487046632124,0.637914001296469,0.142641907069779
Edge90_pct,F_given_QD,-0.968264248704668,1.34852536093632,0.301539437643605
Edge90_pct,DF_interaction_given_Q,-0.239637305699483,1.09693810532342,0.245282817061299
TrackingRMSE90_mm,Q_given_DF,-0.239627244696613,0.191571187485716,0.0428366197748417
TrackingRMSE90_mm,D_given_QF,-0.241143014809524,0.154964288186517,0.034651068246992
TrackingRMSE90_mm,F_given_QD,-4.82448568689721,0.470078047513884,0.105112646897142
TrackingRMSE90_mm,DF_interaction_given_Q,1.48915551513001,0.147311045753075,0.0329397512140457
Saturation90_pct,Q_given_DF,-0.712063985780938,0.496870724178488,0.111103671529265
Saturation90_pct,D_given_QF,-0.0688735836480782,0.355688438826478,0.079534352802678
Saturation90_pct,F_given_QD,-0.0177738280382137,0.393664897536239,0.0880261471246519
Saturation90_pct,DF_interaction_given_Q,-0.062208398133748,0.542996226207688,0.121417647332624
