Configuration,Q,D,F,Runs,Reached95,Coverage90_pct_mean,Coverage90_pct_sd,Edge90_pct_mean,Edge90_pct_sd,TrackingRMSE90_mm_mean,TrackingRMSE90_mm_sd,Time95_s_mean,Time95_s_sd,Saturation90_pct_mean,Saturation90_pct_sd,PeakDemandRatio90_mean,PeakDemandRatio90_sd,MinClearance90_m_mean,MinClearance90_m_sd,Coverage180_pct_mean,Coverage180_pct_sd,CaseIndex
000,0,0,0,4,0,94.3463164251208,0.121712828325765,87.8724093264249,0.261083476305005,8.06009432018984,0.170161335718187,NaN,NaN,0.605421017551655,0.583142014557527,1.26336734905067,0.225057470017074,0.18193378256178,0.00226690125273275,94.399154589372,0.0522962200352933,1
000,0,0,0,4,0,90.9873188405797,0.173446939810934,80.6670984455959,0.372057166226561,8.10093905177793,0.348256817953844,NaN,NaN,1.31081981781826,0.567302614299209,1.59794964607365,0.604529036423929,0.180796622839562,0.00179025305217352,91.0326086956522,0.165375168328854,2
000,0,0,0,4,0,94.2104468599034,0.0867234699054683,87.5809585492228,0.186028583113274,8.26715227468445,0.366590475761851,NaN,NaN,0.849811153077094,0.485529439829692,1.43321212591088,0.00343576934449118,0.181650017047347,0.00256971128019804,94.3161231884058,0.0622449520775624,3
000,0,0,0,4,0,94.2481884057971,0.071874279675351,87.6619170984456,0.154175915987543,8.15524879389042,0.356553691714152,NaN,NaN,0.944234614530104,0.838880279038775,1.63883465063813,0.676732721026438,0.177968732756374,0.00126026166978879,94.3765096618358,0.0831456906293219,4
000,0,0,0,4,0,88.9870169082126,0.261335792524132,76.3762953367876,0.560585586036215,7.85205576678288,0.592760249965364,NaN,NaN,0.638746945123306,0.27771606309709,1.43990303714356,0.0198895322789774,0.181285188241243,0.00125714130642274,90.6400966183575,0.290650746340451,5
001,0,0,1,4,0,94.2330917874396,0,87.6295336787565,0,1.496488204173,0.0925831447063878,NaN,NaN,0.749833370362142,0.537938236516474,1.27535261163541,0.217820655733087,0.185553002937372,0.000130579979916204,94.2934782608696,0,1
001,0,0,1,4,0,90.7684178743961,0.0150966183574894,80.1975388601036,0.0323834196891255,1.67614065691559,0.257699819154753,NaN,NaN,1.34414574538991,0.527475343349593,1.58611061428554,0.595679540417945,0.185199713862191,0.000189530848196973,90.7986111111111,0.0150966183574894,2
001,0,0,1,4,0,94.1123188405797,0,87.3704663212435,0,2.26712696497192,0.0922655676901268,NaN,NaN,0.977560542101755,0.583036197164025,1.43321212591088,0.00343576934449118,0.185540901060485,0.000134783419073897,94.1727053140097,0,3
001,0,0,1,4,0,94.2028985507246,0,87.5647668393782,0,1.90186321604721,0.614074907680622,NaN,NaN,1.02199511219729,0.854330927433592,1.64327667112816,0.680888760851208,0.185398995976065,0.000146938617900923,94.2934782608696,0,4
001,0,0,1,4,0,88.9643719806763,0.0174320733451073,76.3277202072539,0.0373931521495945,2.34491697671375,0.179175062942048,NaN,NaN,0.760942012886025,0.314919076516598,1.43796561992151,0.0160633114822325,0.185251041102685,6.46335572481203e-05,90.6325483091788,0.0150966183574894,5
010,0,1,0,4,0,94.2708333333333,0.113976969131496,87.7104922279793,0.244489457100736,6.28871698399918,0.128750222562212,NaN,NaN,0.461008664741169,0.432096208370956,1.2246202848509,0.15708259970031,0.182815166147341,0.00179009899115555,94.3765096618357,0.0150966183574823,1
010,0,1,0,4,0,90.919384057971,0.186734856232686,80.5213730569948,0.400560779690835,6.2993796660382,0.243994220721414,NaN,NaN,0.96089757831593,0.489579103905063,1.33660043809876,0.12787148304283,0.181867469383925,0.0011879984369463,91.0175120772947,0.133898296051228,2
010,0,1,0,4,0,94.1802536231884,0.0289078233018247,87.5161917098446,0.0620095277044246,6.53742765141703,0.285445219204856,NaN,NaN,0.816485225505443,0.517357521537215,1.43321212591088,0.00343576934449115,0.182774005336605,0.001915064749351,94.2783816425121,0.0522962200352906,3
010,0,1,0,4,0,94.1802536231884,0.0379923230438381,87.5161917098446,0.0814964857002436,6.31221920517934,0.208098725094695,NaN,NaN,0.772050655409909,0.67786996232795,1.52629433948997,0.479997730556013,0.179871294178539,0.000846403017773915,94.3463164251208,0.0934690802184343,4
010,0,1,0,4,0,90.3759057971014,0.254263387613926,79.3555699481865,0.545414727835051,6.24678446232547,0.460467397910162,NaN,NaN,0.666518551433015,0.454233465902263,1.43054785119443,0.00298670681553303,0.18141301931973,0.00125188198342833,90.7457729468599,0.171686011566349,5
011,0,1,1,4,0,94.2330917874396,0,87.6295336787565,0,1.26322773572903,0.0640005586662928,NaN,NaN,0.766496334147967,0.55661578683592,1.28628037141536,0.230883556258587,0.185465372424876,5.2433367519012e-05,94.2934782608696,0,1
011,0,1,1,4,0,90.7608695652174,0,80.1813471502591,0,1.41063763342721,0.19920996830019,NaN,NaN,1.37191735169962,0.497910127327593,1.59190069129588,0.621614286450408,0.185181337135122,0.000106372311197066,90.7910628019324,0,2
011,0,1,1,4,0,94.1123188405797,0,87.3704663212435,0,2.12128355612167,0.0680858779465969,NaN,NaN,1.02754943345923,0.603387813279077,1.43321212591088,0.00343576934449115,0.18544718049531,6.52980744827027e-05,94.1651570048309,0.0150966183574894,3
011,0,1,1,4,0,94.2028985507246,0,87.5647668393782,0,1.57283505007509,0.435755571895117,NaN,NaN,1.00533214841146,0.741177642146035,1.6071844080177,0.585351797422319,0.185375001786944,9.57665915858138e-05,94.2934782608696,0,4
011,0,1,1,4,0,88.9719202898551,0.0150966183574965,76.3439119170985,0.0323834196891255,2.20345166652803,0.139180918088851,NaN,NaN,0.766496334147967,0.34917204277942,1.44379488190965,0.0276165648790251,0.185203708121078,2.64172406568842e-05,90.6174516908212,0.0150966183574894,5
100,1,0,0,4,4,99.7810990338164,0.27159931096042,99.595207253886,0.491474630303638,8.04380044340822,0.185304332158001,37.1,3.41076726460973,0.238835814263497,0.17435025352875,1.220475164211,0.217741165032406,0.181054632554405,0.0021441744215415,99.7810990338164,0.27159931096042,1
100,1,0,0,4,4,98.7394323671498,0.504251158940497,97.6198186528497,0.757845825495166,8.0543382287871,0.324446841761036,36.275,1.11766124861993,0.266607420573206,0.306244140237508,1.07393323341314,0.107158196919793,0.182124733656512,0.00248919279422998,98.7394323671498,0.504251158940497,2
100,1,0,0,4,4,99.8716787439614,0.0794068731786379,99.7247409326425,0.170333914486828,8.22841959540018,0.349982223372491,37.325,4.85343520955347,0.227727171739613,0.119471715951283,1.23572559604165,0.00343576934449115,0.180504416386714,0.00254487315549762,99.8716787439614,0.0794068731786379,3
100,1,0,0,4,4,99.7886473429952,0.200279274779918,99.5466321243523,0.429614610149664,7.98508132856023,0.242429508485645,35.275,0.25,0.299933348144857,0.382885757378673,1.15666124721191,0.253892030064446,0.17533476826385,0.00367480020284381,99.7886473429952,0.200279274779918,4
100,1,0,0,4,4,98.7167874396135,0.318105487706904,97.3931347150259,0.553052178646351,7.83558090642596,0.606900761504377,35.925,3.67638862653737,0.46656298600311,0.587254020635385,1.22306354303972,0.00298670681553299,0.180572683680499,0.00183610963844576,98.7167874396135,0.318105487706904,5
101,1,0,1,4,4,98.8677536231884,0.755233387067415,97.8626943005181,1.42585144438328,1.35808112708911,0.305131149719516,41.075,0.419324854180305,0.52766051988447,0.74361555081891,1.40409136232537,0.626074061570449,0.186629224833857,0.000200582783172253,98.8677536231884,0.755233387067415,1
101,1,0,1,4,4,98.8375603864734,0.0174320733450991,97.7007772020725,0.0373931521495863,1.58008135044043,0.113401576478985,35.225,0.75,0.455454343479227,0.463378218498427,1.26511346987126,0.178048454547093,0.18701426149264,0.000260633696922079,98.8375603864734,0.0174320733450991,2
101,1,0,1,4,4,98.8602053140097,0.759996415776188,97.8465025906736,1.43598954866471,2.02270431991942,0.0592481985560281,41.075,0.419324854180305,0.0777604976671851,0.0286823916626484,1.23572559604165,0.00343576934449115,0.186622108222361,0.00026276765671736,98.8602053140097,0.759996415776188,3
101,1,0,1,4,4,99.8037439613527,0.0174320733450909,99.6113989637306,0,1.37771200207965,0.132947658440949,34.9,0,0.199955565429904,0.23372189643871,1.10651719113666,0.262904478045045,0.186398018300972,0.000316223118932052,99.8037439613527,0.0174320733450909,4
101,1,0,1,4,4,98.5809178743961,0,97.2150259067357,0,2.24043569291695,0.163236565062295,33.6,0,0.461008664741169,0.417375614402561,1.22306354303972,0.00298670681553299,0.186400691884409,0.000310265374603372,98.5809178743961,0,5
110,1,1,0,4,4,99.7735507246377,0.156888660105872,99.5466321243523,0.321668057550762,6.26882681225837,0.101232429476685,38.25,4.04845649599943,0.211064207953788,0.228381010814031,1.11574198405007,0.128610361467626,0.181847361792964,0.000648209418847988,99.7735507246377,0.156888660105872,1
110,1,1,0,4,4,98.5280797101449,0.742604278480333,97.5226683937824,1.04750894161987,6.30290812142146,0.236678108339703,40.35,3.06648550189518,0.344367918240391,0.387583917888751,1.17555469638576,0.300263488142766,0.183267343099927,0.00168184796697155,98.5280797101449,0.742604278480333,2
110,1,1,0,4,4,99.8490338164251,0.151969292175341,99.6923575129534,0.2962094718051,6.483347187537,0.267293018394139,39.1,4.69822661579168,0.161075316596312,0.106357154827409,1.23572559604165,0.00343576934449115,0.181308941225076,0.00125860144936124,99.8490338164251,0.151969292175341,3
110,1,1,0,4,4,99.8263888888889,0.0150966183574894,99.6437823834197,0.0647668393782439,6.22843967435938,0.209673602564723,31.8,2.38187601132665,0.305487669406799,0.596255805390786,1.0674320754323,0.210802486983287,0.178206257760631,0.00323183165819765,99.8263888888889,0.0150966183574894,4
110,1,1,0,4,4,98.9432367149759,0.691594305258033,97.9598445595855,1.31940082820358,6.2122060573078,0.465084235083465,37.75,4.22176898152106,0.444345700955343,0.489116780743786,1.24384022245536,0.0426248170300476,0.18172287304282,0.000643459705168574,98.9432367149759,0.691594305258033,5
111,1,1,1,4,4,98.49788647343,0.0150966183574823,97.1664507772021,0.0323834196891184,0.996264143724359,0.0325720161400853,40.85,0.0577350269189593,0.133303710286603,0.266607420573206,1.09182385582978,0.296859842273645,0.186411390717098,3.65824447238326e-05,98.49788647343,0.0150966183574823,1
111,1,1,1,4,4,98.7998188405797,0.0150966183574894,97.6683937823834,0,1.28347628884634,0.0858772080764701,35.6,0,0.46656298600311,0.46744379287742,1.28305133171481,0.207924400705863,0.186816705996394,0.000171024585048203,98.7998188405797,0.0150966183574894,2
111,1,1,1,4,4,98.8677536231884,0.754830917874393,97.8626943005181,1.42487046632125,1.89936162888997,0.0475281755681268,41.05,0.435889894354067,0.0777604976671851,0.0286823916626484,1.23572559604165,0.00343576934449115,0.186406799844444,0.000147357169978163,98.8677536231884,0.754830917874393,3
111,1,1,1,4,4,99.8188405797101,0,99.6113989637306,0,1.12497448842434,0.107468124745202,34.9,0,0.222172850477672,0.266607420573206,1.11822286657698,0.275798178845774,0.186323790738273,0.000101877498979868,99.8188405797101,0,4
111,1,1,1,4,4,98.5809178743961,0,97.2150259067357,0,2.06922286851295,0.114203662586442,33.6,0,0.477671628526994,0.423684654977051,1.22464528593865,0.00501152948819996,0.186195993625102,0.000202545093649557,98.5809178743961,0,5
