Coverage90_pct,Edge90_pct,TrackingRMSE90_mm,Time95_s,Saturation90_pct,PeakDemandRatio90,MinClearance90_m,Coverage180_pct,Seed,Q,D,F,CaseIndex
94.4444444444444,88.0829015544041,7.87223765131064,NaN,0.177738280382137,1.1593138335924,0.17924959374706,94.4444444444444,1,0,0,0,1
94.2330917874396,87.6295336787565,1.37548161693122,NaN,0.199955565429904,1.17865226682063,0.185437998609254,94.2934782608696,1,0,0,1,1
94.2934782608696,87.7590673575129,6.13060129567251,NaN,0.0666518551433015,1.07480517337466,0.180884888578115,94.3840579710145,1,0,1,0,1
94.2330917874396,87.6295336787565,1.17351973929811,NaN,0.199955565429904,1.18292046052351,0.185406145510575,94.2934782608696,1,0,1,1,1
100,100,7.82600748730599,38.7,0.199955565429904,1.16851727688961,0.180465306160045,100,1,1,0,0,1
98.4601449275362,97.0854922279793,1.13761562175619,40.9,0,0.922791651376557,0.18667112993482,98.4601449275362,1,1,0,1,1
99.7584541062802,99.5466321243523,6.14064941592425,34.9,0.0444345700955343,1.00358532618535,0.181108042706648,99.7584541062802,1,1,1,0,1
98.4903381642512,97.1502590673575,0.959735772651023,40.9,0,0.926189730473615,0.186422296513476,98.4903381642512,1,1,1,1,1
90.7306763285024,80.1165803108808,8.47906254306094,NaN,1.82181737391691,2.50373484221019,0.178950981151746,90.7910628019324,2,0,0,0,2
90.7910628019324,80.2461139896373,2.03029969239129,NaN,1.84403465896467,2.47854010673107,0.185477725957061,90.8212560386473,2,0,0,1,2
90.6400966183575,79.9222797927461,6.50130564546362,NaN,1.15529882248389,1.52742204303418,0.180753480525706,90.8212560386473,2,0,1,0,2
90.7608695652174,80.1813471502591,1.68377571481788,NaN,1.79960008886914,2.52210766659635,0.185335201738024,90.7910628019324,2,0,1,1,2
98.3091787439614,97.1502590673575,8.3524501001351,34.6,0.688735836480782,1.22166821522754,0.179120160372228,98.3091787439614,2,1,0,0,2
98.8224637681159,97.6683937823834,1.65422044902382,35.6,1.11086425238836,1.53093575600914,0.187334725363993,98.8224637681159,2,1,0,1,2
97.8260869565217,96.9559585492228,6.50048935003397,42.2,0.0222172850477672,1.00569118719316,0.180822864637869,97.8260869565217,2,1,1,0,2
98.792270531401,97.6683937823834,1.34080035122269,35.6,1.13308153743613,1.59377030331234,0.187021080237128,98.792270531401,2,1,1,1,2
94.0821256038647,87.3056994818653,7.94345919327654,NaN,0.510997556098645,1.43831277359659,0.180354986469622,94.3840579710145,3,0,0,0,3
94.1123188405797,87.3704663212435,2.27105048743253,NaN,0.577649411241946,1.43831277359659,0.185390110498257,94.1727053140097,3,0,0,1,3
94.2028985507246,87.5647668393782,6.30578759965998,NaN,0.577649411241946,1.43831277359659,0.181780749325245,94.2934782608696,3,0,1,0,3
94.1123188405797,87.3704663212435,2.15057750981364,NaN,0.622083981337481,1.43831277359659,0.185363442784374,94.1727053140097,3,0,1,1,3
99.7584541062802,99.4818652849741,7.9311946688591,34.2,0.0666518551433015,1.24082624372737,0.183291009429703,99.7584541062802,3,1,0,0,3
100,100,2.09792619481244,41.7,0.0888691401910686,1.24082624372737,0.18625139224651,100,3,1,0,1,3
99.8792270531401,99.7409326424871,6.25663630768867,35,0.0666518551433015,1.24082624372737,0.182670533081784,99.8792270531401,3,1,1,0,3
100,100,1.96950761497918,41.7,0.0888691401910686,1.24082624372737,0.186206092829869,100,3,1,1,1,3
94.2028985507246,87.5647668393782,8.55049850055241,NaN,1.95512108420351,2.63213540615342,0.176403733912265,94.3236714975845,4,0,0,0,4
94.2028985507246,87.5647668393782,2.80787948782551,NaN,2.02177293934681,2.64955664917473,0.185559433652556,94.2934782608696,4,0,0,1,4
94.1727053140097,87.5,6.48659718191977,NaN,1.44412352810487,2.20385176522449,0.180522265385065,94.2632850241546,4,0,1,0,4
94.2028985507246,87.5647668393782,2.20985382927097,NaN,1.82181737391691,2.46282494531389,0.185459909812831,94.2934782608696,4,0,1,1,4
99.8188405797101,99.6113989637306,7.98063957181256,35,0.399911130859809,1.43890377353755,0.171113511384596,99.8188405797101,4,1,0,0,4
99.7886473429952,99.6113989637306,1.54623248267772,34.9,0.444345700955343,1.48822317342898,0.185958028848101,99.7886473429952,4,1,0,1,4
99.8188405797101,99.6113989637306,6.33268562477609,35.2,1.19973339257943,1.38075644913507,0.173626661494953,99.8188405797101,4,1,1,0,4
99.8188405797101,99.6113989637306,1.26092839537417,34.9,0.533214841146412,1.51945383153558,0.186277576342227,99.8188405797101,4,1,1,1,4
88.8888888888889,76.1658031088083,7.55107156715091,NaN,0.377693845812042,1.43240680629447,0.182759551153605,90.5495169082126,5,0,0,0,5
88.9492753623188,76.2953367875648,2.37918754600347,NaN,0.510997556098645,1.43240680629447,0.185278999908369,90.6400966183575,5,0,0,1,5
90.4589371980676,79.5336787564767,6.04028290067236,NaN,0.31104199066874,1.43240680629447,0.182768839200322,90.6702898550725,5,0,1,0,5
88.9492753623188,76.2953367875648,2.25259510493978,NaN,0.422128415907576,1.43240680629447,0.185200730441241,90.6099033816425,5,0,1,1,5
98.3997584541063,96.9559585492228,7.53082723764621,33.2,0.0666518551433015,1.22492249813977,0.183103128047089,98.3997584541063,5,1,0,0,5
98.5809178743961,97.2150259067357,2.23891480968536,33.6,0.0888691401910686,1.22492249813977,0.186327002055248,98.5809178743961,5,1,0,1,5
99.9094202898551,99.8056994818653,5.9607984318482,40.1,0.0888691401910686,1.22492249813977,0.181109452157374,99.9094202898551,5,1,1,0,5
98.5809178743961,97.2150259067357,2.09297280805524,33.6,0.111086425238836,1.22492249813977,0.186158701897365,98.5809178743961,5,1,1,1,5
94.4142512077295,88.0181347150259,7.96399700168137,NaN,0.355476560764275,1.15246190394939,0.181452371629986,94.4142512077295,6,0,0,0,1
94.2330917874396,87.6295336787565,1.49609670990611,NaN,0.622083981337481,1.17300160831143,0.185451516751018,94.2934782608696,6,0,0,1,1
94.3840579710145,87.9533678756477,6.23722088896634,NaN,0.266607420573206,1.23898494373392,0.182702428546533,94.3840579710145,6,0,1,0,1
94.2330917874396,87.6295336787565,1.27723077019987,NaN,0.644301266385248,1.17612756549021,0.185438467775846,94.2934782608696,6,0,1,1,1
99.3961352657005,98.8989637305699,7.96043518324075,37,0.244390135525439,1.18365289636873,0.183709864622963,99.3961352657005,6,1,0,0,1
98.5205314009662,97.2150259067357,1.20936479102859,40.9,0,0.931799259979986,0.186754060127871,98.5205314009662,6,1,0,1,1
99.6678743961353,99.3523316062176,6.24276359432947,34.6,0.510997556098645,1.24308505683994,0.181576144069638,99.6678743961353,6,1,1,0,1
98.5205314009662,97.2150259067357,1.02705966905779,40.8,0,0.936026326092875,0.186412987768768,98.5205314009662,6,1,1,1,1
91.0929951690821,80.8937823834197,7.75315110454021,NaN,0.888691401910686,1.25571526749068,0.182274961303189,91.1231884057971,7,0,0,0,2
90.7608695652174,80.1813471502591,1.4634197597401,NaN,0.866474116862919,1.26257586347625,0.185056819879071,90.7910628019324,7,0,0,1,2
91.0024154589372,80.699481865285,6.0684614272548,NaN,0.866474116862919,1.29116630316867,0.182937897233495,91.0628019323672,7,0,1,0,2
90.7608695652174,80.1813471502591,1.2452840020697,NaN,0.866474116862919,1.27053167264729,0.185090220641325,90.7910628019324,7,0,1,1,2
99.2753623188406,98.4455958549223,7.71110630036829,36.8,0,0.969950137710332,0.185069634687624,99.2753623188406,7,1,0,0,2
98.8224637681159,97.6683937823834,1.46720486919529,35.6,0.0444345700955343,1.16995695368666,0.186787282545814,98.8224637681159,7,1,0,1,2
98.3393719806763,97.020725388601,6.05739713951112,37.6,0,0.99444604108879,0.184617069838972,98.3393719806763,7,1,1,0,2
98.792270531401,97.6683937823834,1.19800854201313,35.6,0.0666518551433015,1.173181633571,0.186706668629571,98.792270531401,7,1,1,1,2
94.2632850241546,87.6943005181347,8.73107174461941,NaN,1.24416796267496,1.43085146414365,0.184798166561085,94.3538647342995,8,0,0,0,3
94.1123188405797,87.3704663212435,2.33760411446251,NaN,1.46634081315263,1.43085146414365,0.185655812592211,94.1727053140097,8,0,0,1,3
94.1727053140097,87.5,6.89292615987974,NaN,1.24416796267496,1.43085146414365,0.185160576115213,94.3236714975845,8,0,1,0,3
94.1123188405797,87.3704663212435,2.13951726439494,NaN,1.53299266829593,1.43085146414365,0.185506246051863,94.1727053140097,8,0,1,1,3
99.8792270531401,99.7409326424871,8.68310334965047,32.2,0.244390135525439,1.23336493427443,0.177122740373098,99.8792270531401,8,1,0,0,3
98.4903381642512,97.1502590673575,2.03521385813332,40.8,0.0444345700955343,1.23336493427443,0.186809657734914,98.4903381642512,8,1,0,1,3
99.6376811594203,99.2875647668394,6.82443799085301,42.6,0.15552099533437,1.23336493427443,0.1799162165874,99.6376811594203,8,1,1,0,3
98.4903381642512,97.1502590673575,1.88348296108303,40.8,0.0444345700955343,1.23336493427443,0.186533046424943,98.4903381642512,8,1,1,1,3
94.3538647342995,87.8886010362694,8.36236432910444,NaN,0.199955565429904,1.25584292166091,0.179105894585158,94.4746376811594,9,0,0,0,4
94.2028985507246,87.5647668393782,1.65082184678457,NaN,0.288824705620973,1.26954578291863,0.185230091524571,94.2934782608696,9,0,0,1,4
94.2330917874396,87.6295336787565,6.49664491083012,NaN,0.222172850477672,1.27582065304847,0.18067923362579,94.4746376811594,9,0,1,0,4
94.2028985507246,87.5647668393782,1.39962874615083,NaN,0.399911130859809,1.27081468607774,0.18524081724875,94.2934782608696,9,0,1,1,4
100,100,8.32511190011635,35.6,0,0.9699265945633,0.177207646196866,100,9,1,0,0,4
99.8188405797101,99.6113989637306,1.39108797495646,34.9,0,0.925750459045689,0.186692596073117,99.8188405797101,9,1,0,1,4
99.8490338164251,99.7409326424871,6.47294041506519,31.7,0,0.9479486851547,0.180082013492178,99.8490338164251,9,1,1,0,4
99.8188405797101,99.6113989637306,1.13216346606572,34.9,0,0.932358493234632,0.186381811772815,99.8188405797101,9,1,1,1,4
88.6775362318841,75.7124352331606,7.49476487065525,NaN,0.422128415907576,1.42609000993828,0.181370005608015,90.2777777777778,10,0,0,0,5
88.9492753623188,76.2953367875648,2.19966704380677,NaN,0.488780271050878,1.42609000993828,0.185325666362561,90.6400966183575,10,0,0,1,5
90.3079710144928,79.2098445595855,5.95157454310776,NaN,0.244390135525439,1.42609000993828,0.180841969658237,90.5495169082126,10,0,1,0,5
88.9794685990338,76.360103626943,2.08873321391574,NaN,0.555432126194179,1.42609000993828,0.185240662976518,90.6099033816425,10,0,1,1,5
98.9432367149759,97.7331606217617,7.48875118133343,34,0.0666518551433015,1.21860570178358,0.178722159771805,98.9432367149759,10,1,0,0,5
98.5809178743961,97.2150259067357,2.11615942148215,33.6,0.111086425238836,1.21860570178358,0.186089518967175,98.5809178743961,10,1,0,1,5
98.9734299516908,97.9274611398964,5.94513445114098,32.1,0.0666518551433015,1.21860570178358,0.182070050098792,98.9734299516908,10,1,1,0,5
98.5809178743961,97.2150259067357,1.97633262058903,33.6,0.111086425238836,1.21860570178358,0.186007756452589,98.5809178743961,10,1,1,1,5
94.1727053140097,87.5,8.2338902106009,NaN,1.46634081315263,1.60076177581795,0.184735062412928,94.3236714975845,11,0,0,0,1
94.2330917874396,87.6295336787565,1.60021875390921,NaN,1.4885580982004,1.60148379096153,0.185707040554943,94.2934782608696,11,0,0,1,1
94.1123188405797,87.3704663212435,6.40090159064959,NaN,1.06642968229282,1.43760477209238,0.185212850763307,94.3538647342995,11,0,1,0,1
94.2330917874396,87.6295336787565,1.32535967611473,NaN,1.53299266829593,1.63210878768278,0.185496053468552,94.2934782608696,11,0,1,1,1
99.93961352657,99.8704663212435,8.23488518451958,32.4,0.46656298600311,1.5239378044173,0.178562072615096,99.93961352657,11,1,0,0,1
98.4903381642512,97.1502590673575,1.27767596109099,40.8,0.533214841146412,1.51583365864527,0.186757348478996,98.4903381642512,11,1,0,1,1
99.6678743961353,99.2875647668394,6.37544453054187,41.5,0.0222172850477672,1.00638633867348,0.182097892817925,99.6678743961353,11,1,1,0,1
98.4903381642512,97.1502590673575,1.02015067211639,40.8,0.533214841146412,1.53627425094047,0.186448815248773,98.4903381642512,11,1,1,1,1
91.0326086956522,80.7642487046632,7.86277522571636,NaN,0.755387691624083,1.31593524767145,0.179573916693056,91.0628019323672,12,0,0,0,2
90.7608695652174,80.1813471502591,1.50912409457372,NaN,0.910908686958454,1.2735865884039,0.185153694999998,90.7910628019324,12,0,0,1,2
91.0024154589372,80.699481865285,6.10883686098128,NaN,0.333259275716507,1.26583605304718,0.180928446807371,91.0628019323672,12,0,1,0,2
90.7608695652174,80.1813471502591,1.28158273260967,NaN,1.02199511219729,1.23596437810626,0.18514988658828,90.7910628019324,12,0,1,1,2
99.0640096618358,98.0569948186529,7.84441115543683,36.9,0.0888691401910686,1.07271418616119,0.181488777319952,99.0640096618358,12,1,0,0,2
98.8526570048309,97.7331606217617,1.50047591818596,34.1,0.422128415907576,1.15948152576621,0.186817180211018,98.8526570048309,12,1,0,1,2
99.5772946859903,99.0932642487047,6.14304295953263,43.7,0.622083981337481,1.62236143766063,0.184026095240778,99.5772946859903,12,1,1,0,2
98.792270531401,97.6683937823834,1.22292284300983,35.6,0.422128415907576,1.16129802856934,0.186648249780149,98.792270531401,12,1,1,1,2
94.2632850241546,87.6943005181347,8.00555079722566,NaN,0.355476560764275,1.43165446202175,0.178919950754133,94.2632850241546,13,0,0,0,3
94.1123188405797,87.3704663212435,2.1356168937583,NaN,0.377693845812042,1.43165446202175,0.185464200193298,94.1727053140097,13,0,0,1,3
94.1425120772947,87.4352331606218,6.30707906883977,NaN,0.199955565429904,1.43165446202175,0.180783230806642,94.2934782608696,13,0,1,0,3
94.1123188405797,87.3704663212435,2.02140462426861,NaN,0.399911130859809,1.43165446202175,0.185428001387362,94.1425120772947,13,0,1,1,3
99.93961352657,99.8704663212435,7.97650522913632,40.9,0.244390135525439,1.23416793215253,0.18096202475407,99.93961352657,13,1,0,0,3
98.4601449275362,97.0854922279793,1.95800801490133,40.9,0.0666518551433015,1.23416793215253,0.186619456658947,98.4601449275362,13,1,0,1,3
100,100,6.28463950526587,35.1,0.111086425238836,1.23416793215253,0.18063236099116,100,13,1,1,0,3
98.4903381642512,97.1502590673575,1.86411255090632,40.9,0.0666518551433015,1.23416793215253,0.186388583133147,98.4903381642512,13,1,1,1,3
94.2330917874396,87.6295336787565,7.87468761048021,NaN,0.31104199066874,1.16885611330946,0.177500413121497,94.4142512077295,14,0,0,0,4
94.2028985507246,87.5647668393782,1.44615591168954,NaN,0.333259275716507,1.18826646494267,0.185330882741738,94.2934782608696,14,0,0,1,4
94.1727053140097,87.5,6.10910368404484,NaN,0.15552099533437,1.11505058433787,0.179076821948136,94.3538647342995,14,0,1,0,4
94.2028985507246,87.5647668393782,1.22626757130522,NaN,0.355476560764275,1.19291431552765,0.185376350885652,94.2934782608696,14,0,1,1,4
99.5169082125604,98.9637305699482,7.86400819385767,35.2,0,0.916174415338439,0.179374995625961,99.5169082125604,14,1,0,0,4
99.8188405797101,99.6113989637306,1.22389879808929,34.9,0.355476560764275,1.07234965591286,0.186403448135525,99.8188405797101,14,1,0,1,4
99.8188405797101,99.6113989637306,6.06871387413834,30.2,0,0.938282261519739,0.180820649663564,99.8188405797101,14,1,1,0,4
99.8188405797101,99.6113989637306,0.999236153150859,34.9,0.355476560764275,1.07935333920291,0.186204827335026,99.8188405797101,14,1,1,1,4
89.1002415458937,76.6191709844559,7.62478392487645,NaN,0.844256831815152,1.46943549769213,0.179685612968132,90.7910628019324,15,0,0,0,5
88.9794685990338,76.360103626943,2.21617733805806,NaN,0.910908686958454,1.4616858288039,0.185178300052592,90.6400966183575,15,0,0,1,5
90.6702898550725,79.9870466321243,6.06149706271051,NaN,1.13308153743613,1.43201475389557,0.179964852961909,90.8212560386473,15,0,1,0,5
88.9794685990338,76.360103626943,2.09413262605258,NaN,0.888691401910686,1.48500287675645,0.185178297548268,90.6099033816425,15,0,1,1,5
98.4903381642512,96.8911917098446,7.57847489084462,41.3,0.422128415907576,1.22453044574087,0.180398799442575,98.4903381642512,15,1,0,0,5
98.5809178743961,97.2150259067357,2.13513920235071,33.6,0.844256831815152,1.22453044574087,0.186355978401127,98.5809178743961,15,1,0,1,5
98.3997584541063,96.7616580310881,6.03557491051138,41.7,0.510997556098645,1.30763716340343,0.181260234436346,98.3997584541063,15,1,1,0,5
98.5809178743961,97.2150259067357,1.98643762075035,33.6,0.866474116862919,1.23085741733659,0.186134376315304,98.5809178743961,15,1,1,1,5
94.3538647342995,87.8886010362694,8.17025241716647,NaN,0.422128415907576,1.14093188284296,0.182298102457148,94.4142512077295,16,0,0,0,1
94.2330917874396,87.6295336787565,1.51415573594548,NaN,0.688735836480782,1.14827278044805,0.185615455834272,94.2934782608696,16,0,0,1,1
94.2934782608696,87.7590673575129,6.38614416070827,NaN,0.444345700955343,1.14708625020262,0.18246049670141,94.3840579710145,16,0,1,0,1
94.2330917874396,87.6295336787565,1.27680075730342,NaN,0.688735836480782,1.15396467196495,0.185520822944531,94.2934782608696,16,0,1,1,1
99.7886473429952,99.6113989637306,8.15387391856656,40.3,0.0444345700955343,1.00579267916836,0.181481286819518,99.7886473429952,16,1,0,0,1
100,100,1.80766813448068,41.7,1.57742723839147,2.24594087929968,0.186334360793741,100,16,1,0,1,1
100,100,6.31644970823787,42,0.266607420573206,1.20991121450152,0.182607367577642,100,16,1,1,0,1
98.4903381642512,97.1502590673575,0.978110461072242,40.9,0,0.96880511581215,0.186361463337373,98.4903381642512,16,1,1,1,1
91.0929951690821,80.8937823834197,8.30876733379422,NaN,1.77738280382137,1.31641322692226,0.182386632210259,91.1533816425121,17,0,0,0,2
90.7608695652174,80.1813471502591,1.70171908095725,NaN,1.75516551877361,1.32973989853095,0.185110614612635,90.7910628019324,17,0,0,1,2
91.0326086956522,80.7642487046632,6.51891473045309,NaN,1.4885580982004,1.261977353145,0.182850052969129,91.1231884057971,17,0,1,0,2
90.7608695652174,80.1813471502591,1.43190808421158,NaN,1.79960008886914,1.33899904783361,0.18515003957286,90.7910628019324,17,0,1,1,2
98.3091787439614,96.8264248704663,8.30938535920816,36.8,0.288824705620973,1.03140039455351,0.182820362246244,98.3091787439614,17,1,0,0,2
98.8526570048309,97.7331606217617,1.69842416535665,35.6,0.244390135525439,1.20007964402305,0.187117857849733,98.8526570048309,17,1,0,1,2
98.3695652173913,97.020725388601,6.51070303660813,37.9,0.733170406576316,1.07972011960046,0.18360334268209,98.3695652173913,17,1,1,0,2
98.8224637681159,97.6683937823834,1.37217341913972,35.6,0.244390135525439,1.20395536140657,0.186890825338728,98.8224637681159,17,1,1,1,2
94.2330917874396,87.6295336787565,8.38852736361621,NaN,1.2886025327705,1.4320298038815,0.182526964404548,94.2632850241546,18,0,0,0,3
94.1123188405797,87.3704663212435,2.32423636423435,NaN,1.4885580982004,1.4320298038815,0.185653480958175,94.1727053140097,18,0,0,1,3
94.2028985507246,87.5647668393782,6.64391777728864,NaN,1.24416796267496,1.4320298038815,0.18337146509932,94.2028985507246,18,0,1,0,3
94.1123188405797,87.3704663212435,2.17363482600949,NaN,1.5552099533437,1.4320298038815,0.18549103175764,94.1727053140097,18,0,1,1,3
99.9094202898551,99.8056994818653,8.32287513395482,42,0.355476560764275,1.23454327401228,0.180641890989985,99.9094202898551,18,1,0,0,3
98.4903381642512,97.1502590673575,1.9996692118306,40.9,0.111086425238836,1.23454327401228,0.186807926249074,98.4903381642512,18,1,0,1,3
99.8792270531401,99.7409326424871,6.56767494634048,43.7,0.31104199066874,1.23454327401228,0.182016654239959,99.8792270531401,18,1,1,0,3
98.4903381642512,97.1502590673575,1.88034338859135,40.8,0.111086425238836,1.23454327401228,0.186499476989816,98.4903381642512,18,1,1,1,3
94.2028985507246,87.5647668393782,7.83344473542462,NaN,1.31081981781826,1.49850416142873,0.178864889406575,94.2934782608696,19,0,0,0,4
94.2028985507246,87.5647668393782,1.70259561788923,NaN,1.44412352810487,1.46573778747663,0.185475575985397,94.2934782608696,19,0,0,1,4
94.1425120772947,87.4352331606218,6.15653104392262,NaN,1.26638524772273,1.51045435534904,0.179206855755163,94.2934782608696,19,0,1,0,4
94.2028985507246,87.5647668393782,1.45559005357331,NaN,1.44412352810487,1.50218368515153,0.185422929200542,94.2934782608696,19,0,1,1,4
99.8188405797101,99.6113989637306,7.77056564845436,35.3,0.799822261719618,1.30164020540834,0.173642919847979,99.8188405797101,19,1,0,0,4
99.7886473429952,99.6113989637306,1.34962875259515,34.9,0,0.939745476159119,0.186538000147146,99.7886473429952,19,1,0,1,4
99.8188405797101,99.6113989637306,6.03941878345791,30.1,0.0222172850477672,1.0027409059197,0.178295706391831,99.8188405797101,19,1,1,0,4
99.8188405797101,99.6113989637306,1.10756993910661,34.9,0,0.941725802334819,0.186430947503024,99.8188405797101,19,1,1,1,4
89.2814009661836,77.0077720207254,8.73760270444891,NaN,0.910908686958454,1.43167983464938,0.18132558323522,90.9420289855072,20,0,0,0,5
88.9794685990338,76.360103626943,2.5846359789867,NaN,1.13308153743613,1.43167983464938,0.185221198087218,90.6099033816425,20,0,0,1,5
90.0664251207729,78.6917098445596,6.93378334281123,NaN,0.977560542101755,1.43167983464938,0.182076415458453,90.9420289855072,20,0,1,0,5
88.9794685990338,76.360103626943,2.37834572120401,NaN,1.19973339257943,1.43167983464938,0.185195141518286,90.6400966183575,20,0,1,1,5
99.0338164251208,97.9922279792746,8.74427031587959,35.2,1.31081981781826,1.22419552649468,0.180066647460525,99.0338164251208,20,1,0,0,5
98.5809178743961,97.2150259067357,2.47152933814958,33.6,0.799822261719618,1.22419552649468,0.186830268114087,98.5809178743961,20,1,0,1,5
98.4903381642512,97.3445595854922,6.90731643573064,37.1,1.11086425238836,1.22419552649468,0.182451755478767,98.4903381642512,20,1,1,0,5
98.5809178743961,97.2150259067357,2.22114842465717,33.6,0.822039546767385,1.22419552649468,0.186483139835149,98.5809178743961,20,1,1,1,5
